Program,Operation,Input Shape,Predicted Strategy,Selected Strategy,Prediction Matched Runtime?,Baseline Time (s),Selected Time (s),Speedup vs Baseline,Correct Output?,Explanation
"TensorProgram(operation='elementwise_chain', shape=(64, 64))",elementwise_chain,"(64, 64)",baseline,fused,False,0.00025284399998781737,0.0002524380000181736,1.0016083155848743,True,Small elementwise workload: baseline may avoid optimization overhead.
"TensorProgram(operation='elementwise_chain', shape=(128, 128))",elementwise_chain,"(128, 128)",fused,fused,True,0.0005977789999747074,0.0005680279999751292,1.0523759392158147,True,Medium or large elementwise chain: fusion may reduce intermediate arrays.
"TensorProgram(operation='elementwise_chain', shape=(256, 256))",elementwise_chain,"(256, 256)",fused,baseline,False,0.0024185879999549798,0.0024185879999549798,1.0,True,Medium or large elementwise chain: fusion may reduce intermediate arrays.
"TensorProgram(operation='elementwise_chain', shape=(512, 512))",elementwise_chain,"(512, 512)",fused,fused,True,0.010032932000001438,0.009490378999998939,1.0571687389937283,True,Medium or large elementwise chain: fusion may reduce intermediate arrays.
"TensorProgram(operation='elementwise_chain', shape=(1024, 1024))",elementwise_chain,"(1024, 1024)",fused,fused,True,0.0453513820000353,0.04118027300000904,1.1012890079680955,True,Medium or large elementwise chain: fusion may reduce intermediate arrays.
"TensorProgram(operation='matmul', shape=(64, 64))",matmul,"(64, 64)",baseline,baseline,True,2.576100001761006e-05,2.576100001761006e-05,1.0,True,Small matrix multiplication: NumPy baseline is likely efficient enough.
"TensorProgram(operation='matmul', shape=(128, 128))",matmul,"(128, 128)",baseline,baseline,True,0.00015998999998600993,0.00015998999998600993,1.0,True,Small matrix multiplication: NumPy baseline is likely efficient enough.
"TensorProgram(operation='matmul', shape=(256, 256))",matmul,"(256, 256)",tiled,baseline,False,0.0011569310000254518,0.0011569310000254518,1.0,True,Larger matrix multiplication: tiled execution may improve locality.
"TensorProgram(operation='matmul', shape=(512, 512))",matmul,"(512, 512)",tiled,baseline,False,0.009360281999988729,0.009360281999988729,1.0,True,Larger matrix multiplication: tiled execution may improve locality.
